Designator,Footprint,Quantity,Value,LCSC Part #
C1,0805,1,4.7uF,
"C10, C14, C25, C27, C6, C8, C9",0402,7,1uF,
"C11, C12, C16, C17, C2, C26, C3, C5",0402,8,0.1uF,
C13,0402,1,0.047uF,
C15,0402,1,2.2uF,
"C18, C19, C20",0402,3,2200pF,
"C21, C22, C23",0402,3,1000pF,
C24,0805,1,22uF,
"C28, C29, C30, C31, C32, C33",1206,6,100uF,
"C4, C7",0402,2,10pF,
"D2, D3",D_SOD-923,2,SZESD9B5.0ST5G,
D4,0603,1,D,
D5,0603,1,LED,
"H1, H2, H3, H4",MountingHole_3.2mm_M3,4,MountingHole,
IC1,QFN40P700X700X90-57N-D,1,RP2040,
IC2,QFN50P700X700X100-49N-D,1,DRV8323RHRGZR,
J1,USB_C_Receptacle_XKB_U262-16XN-4BVC11,1,USB_C_Receptacle_USB2.0,
J2,Molex_PicoBlade_53398-0571_1x05-1MP_P1.25mm_Vertical,1,Conn_01x05_Female,
J3,Molex_CLIK-Mate_502443-0270_1x02-1MP_P2.00mm_Vertical,1,Conn_01x02_Female,
J4,Molex_PicoBlade_53398-0471_1x04-1MP_P1.25mm_Vertical,1,Conn_01x04_Pin,
J6,AMASS_XT30U-F_1x02_P5.0mm_Vertical,1,Conn_01x02_Female,
J7,SolderWirePad_1x01_SMD_5x10mm,1,A,
J8,SolderWirePad_1x01_SMD_5x10mm,1,B,
J9,SolderWirePad_1x01_SMD_5x10mm,1,C,
L1,0805,1,15uH,
"NT1, NT2, NT3, NT4, NT5, NT6, NT7",NetTie-2_SMD_Pad0.5mm,7,NetTie_2,
"Q1, Q10, Q11, Q12, Q2, Q3, Q4, Q5, Q6, Q7, Q8, Q9",LFPAK33,12,BUK7M9R9-60EX,
"R1, R14",0402,2,1K,
"R13, R24",0402,2,10K,
"R15, R16, R21, R23",0402,4,75K,
R17,0402,1,28K,
R18,0402,1,8.45K,
"R19, R22, R8",2512,3,0.002R,
R2,0402,1,100K,
R20,0402,1,47K,
"R25, R26",0402,2,330,
"R3, R6, R7",0402,3,56R,
"R4, R5",0402,2,5.1K,
"SW1, SW2",SW_SPST_B3U-1000P-B,2,SW_SPST,
"TP1, TP2",TestPoint_Pad_D2.5mm,2,TestPoint,
U1,SOT-23-5,1,NCP163ASN330T1G,
U2,SOIC-8_3.9x4.9mm_P1.27mm,1,MAX3051,
U3,SOIC-8_3.9x4.9mm_P1.27mm,1,W25X40CLSN,
Y1,Crystal_SMD_2520-4Pin_2.5x2.0mm,1,Crystal_GND24_Small,
